,0
0,302.1251
1,434.56873
2,81.07139
3,254.49223
4,364.10846
5,256.5836
6,179.92682
7,40.27102
8,667.87256
9,11.066981
10,19.24027
11,145.57732
12,-0.44038096
13,65.4436
14,48.8848
15,115.69764
16,-2.1441834
17,90.34229
18,405.29587
19,61.860752
20,76.794266
21,119.63441
22,272.96677
23,183.98561
24,120.222626
25,94.11721
26,53.86901
27,115.38383
28,147.30019
29,412.3801
30,17.133205
31,357.39694
32,8.222458
33,25.830326
34,262.69
35,99.128975
36,266.29358
37,190.35272
38,473.52698
39,474.9233
40,174.99934
41,257.38293
42,51.81663
43,67.84524
44,188.20686
45,88.527954
46,163.23358
47,213.78882
48,392.76416
49,62.25723
50,70.89601
51,162.79514
52,68.40902
53,293.37415
54,36.37914
55,154.40834
56,130.97978
57,282.04346
58,11.325972
59,36.643585
60,207.80212
61,26.73013
62,51.13004
63,63.590508
64,57.222206
65,401.80722
66,270.13724
67,15.46621
68,-5.212535
69,330.7089
70,289.59903
71,145.49258
72,261.51688
73,564.4228
74,331.5944
75,28.33574
76,11.232078
77,141.72823
78,50.72297
79,5.8451734
80,20.664682
81,191.72774
82,64.91838
83,160.11191
84,137.6262
85,161.39247
86,143.69388
87,437.47375
88,184.86911
89,155.71002
90,141.70409
91,13.246522
92,93.972084
93,46.774387
94,131.01971
95,261.09946
96,16.618212
97,84.90994
98,218.65009
99,282.99515
100,177.76244
101,234.465
102,-0.50115436
103,212.37096
104,240.88954
105,-5.8346195
106,42.28786
107,98.14088
108,447.01105
109,48.26128
110,75.68098
111,21.048332
112,222.22961
113,395.65988
114,62.64591
115,3.7912254
116,382.81433
117,-2.1576235
118,616.85376
119,134.94115
120,17.559067
121,126.89142
122,470.15665
123,578.1919
124,323.77414
125,222.97418
126,411.137
127,4.865143
128,96.62031
129,83.430244
130,332.1471
131,194.48312
132,107.60535
133,419.34268
134,218.75679
135,42.195778
136,9.345031
137,174.52765
138,9.326795
139,85.411545
140,665.83563
141,218.68866
142,374.40842
143,97.93261
144,196.4018
145,9.285839
146,95.457664
147,647.64996
148,94.65562
149,143.11201
150,436.62003
151,122.3018
152,17.910011
153,52.1265
154,229.5119
155,86.2966
156,132.87825
157,55.66118
158,146.74144
159,36.37399
160,15.704344
161,19.380798
162,82.487144
163,588.096
164,14.77417
165,208.89937
166,136.7587
167,239.63037
168,125.8844
169,119.35216
170,60.93988
171,157.39935
172,33.819485
173,98.30713
174,128.6092
175,61.138325
176,33.524837
177,259.48804
178,74.82509
179,405.29697
180,245.69208
181,303.75723
182,62.272976
183,13.408109
184,296.03452
185,38.041424
186,135.86359
187,273.89172
188,34.038494
189,133.7942
190,216.15623
191,125.50026
192,169.50337
193,315.29962
194,124.85886
195,283.27798
196,344.89743
197,45.694798
198,296.14923
199,491.6899
200,7.247025
201,75.45834
202,41.977863
203,187.05939
204,642.2551
205,4.0619993
206,195.42024
207,43.268414
208,237.2616
209,152.83679
210,389.7193
211,-3.5785205
212,166.93668
213,169.03436
214,103.69181
215,2.619656
216,311.68594
217,90.47112
218,144.28813
219,212.467
220,100.002426
221,255.71704
222,10.692717
223,-23.35492
224,374.27985
225,24.58555
226,196.72018
227,98.73585
228,593.9173
229,247.37054
230,286.14417
231,73.03132
232,271.63504
233,152.04642
234,19.999582
235,4.213572
236,191.18474
237,-3.3154871
238,187.36986
239,292.5033
240,282.68478
241,3.818109
242,585.7127
243,8.575091
244,546.30756
245,45.95746
246,63.78291
247,78.10156
248,133.14224
249,292.84558
250,275.28253
251,125.486786
252,484.58936
253,5.992797
254,548.86646
255,117.30254
256,149.75153
257,288.29626
258,214.99496
259,4.844955
260,283.63675
261,-3.184425
262,201.69354
263,453.08917
264,93.829895
265,98.40957
266,192.16414
267,257.03802
268,288.7172
269,216.39227
270,120.059135
271,283.33127
272,667.2762
273,291.27032
274,3.4109213
275,247.18471
276,164.52036
277,-8.176978
278,381.98526
279,211.74384
280,205.27701
281,300.4533
282,180.83221
283,23.917185
284,119.66349
285,280.00046
286,47.424797
287,275.9645
288,64.12541
289,354.00037
290,346.9327
291,49.73461
292,270.15833
293,255.43773
294,435.43738
295,44.197506
296,18.527596
297,71.644875
298,172.72697
299,178.13904
300,380.9657
301,157.38501
302,21.754314
303,35.578957
304,122.58378
305,125.622116
306,325.26892
307,185.94173
308,131.12793
309,2.4131138
310,176.11674
311,386.784
312,144.7208
313,44.00726
314,61.04513
315,219.19717
316,580.78204
317,66.0888
318,298.83755
319,222.29776
320,263.0206
321,86.39629
322,134.87846
323,503.46854
324,483.79114
325,278.153
326,198.98355
327,28.064848
328,58.036674
329,105.31385
330,156.45334
331,42.202084
332,8.909887
333,223.29207
334,7.2692304
335,685.02826
336,32.584747
337,500.1658
338,17.572582
339,222.56007
340,628.73694
341,69.190735
342,9.470482
343,27.348608
344,263.8755
345,378.49045
346,358.96707
347,424.31772
348,195.91562
349,14.991511
350,298.70404
351,8.809505
352,529.5089
353,30.659939
354,205.33498
355,-2.039545
356,120.50216
357,108.75075
358,7.0964346
359,133.95773
360,89.99036
361,28.569437
362,299.6908
363,580.9827
364,214.35641
365,47.63198
366,281.2093
367,63.163464
368,27.793674
369,358.70685
370,8.038321
371,1.2810816
372,112.61231
373,26.236778
374,232.55966
375,185.50429
376,133.97627
377,336.15076
378,92.82301
379,14.28141
380,152.03452
381,308.80923
382,251.07736
383,30.393438
384,213.683
385,141.06053
386,154.11479
387,-18.046932
388,-22.076153
389,182.20222
390,307.34842
391,-7.3815236
392,11.018435
393,243.81375
394,175.1766
395,151.27574
396,162.15742
397,40.298958
398,-8.010665
399,36.847923
400,533.26495
401,38.255123
402,10.373292
403,182.2453
404,29.191328
405,243.47813
406,591.78424
407,175.36508
408,345.7435
409,251.22086
410,663.01965
411,244.14444
412,23.279425
413,359.6372
414,223.8693
415,118.45899
416,85.45669
417,309.95316
418,21.030327
419,192.07047
420,139.6518
421,491.55386
422,17.967728
423,15.475048
424,40.524315
425,29.92394
426,134.96213
427,159.1305
428,86.34701
429,353.45233
430,379.93643
431,124.45423
432,346.50876
433,227.33377
434,8.368584
435,431.62784
436,228.60701
437,226.60019
438,288.3741
439,264.49567
440,4.688084
441,-3.7544696
442,421.402
443,277.79034
444,251.81679
445,14.836588
446,83.370895
447,142.92586
448,4.1571183
449,537.72705
450,331.071
451,58.324993
452,182.11879
453,106.36436
454,264.5314
455,82.80924
456,252.7355
457,373.74103
458,-3.4333172
459,8.382394
460,273.47104
461,14.936027
462,10.968578
463,100.408165
464,554.86743
465,199.99535
466,32.046673
467,681.2387
468,264.03302
469,210.10497
470,21.015902
471,11.122514
472,551.58
473,234.52058
474,149.19846
475,502.09317
476,356.3461
477,33.291126
478,37.844105
479,304.12485
480,331.6584
481,57.69716
482,101.9319
483,163.7335
484,241.10718
485,-32.71542
486,200.39265
487,294.49966
488,47.7712
489,47.38289
490,156.64664
491,57.303387
492,132.99403
493,134.50043
494,666.0979
495,320.09198
496,428.6299
497,194.43231
498,433.9495
499,138.63696
500,8.124341
501,179.26822
502,79.0714
503,323.62384
504,291.3868
505,75.87811
506,105.26106
507,37.90693
508,351.0023
509,166.10341
510,8.578301
511,459.61908
512,257.7087
513,112.02284
514,345.22632
515,177.49817
516,26.207775
517,631.30304
518,147.019
519,30.331945
520,134.98306
521,776.96906
522,163.57823
523,61.03553
524,1.0308392
525,376.61774
526,188.43446
527,177.57738
528,259.03214
529,318.2681
530,314.08896
531,370.5479
532,-1.966821
533,18.980003
534,-32.211426
535,243.40239
536,2.8574317
537,138.45389
538,257.01077
539,112.15955
540,36.21263
541,-2.0287862
542,222.06987
543,25.615627
544,203.67567
545,5.754864
546,66.51095
547,73.038864
548,39.317665
549,74.85316
550,265.15247
551,330.02307
552,0.08909692
553,331.71167
554,88.90463
555,10.994635
556,121.54256
557,105.36866
558,433.92172
559,-2.560396
560,80.31871
561,260.68765
562,279.82166
563,290.5759
564,194.70964
565,629.0535
566,26.871092
567,310.5701
568,20.254833
569,59.17185
570,84.53975
571,79.48937
572,299.4991
573,6.9538007
574,443.4288
575,200.89124
576,32.22783
577,390.18732
578,655.65436
579,95.31555
580,150.80205
581,208.08614
582,35.846035
583,-12.039625
584,222.71538
585,562.299
586,216.5122
587,142.6265
588,75.430916
589,250.93497
590,89.699745
591,1.6012212
592,186.48857
593,478.11963
594,140.39828
595,256.79657
596,614.26935
597,299.4263
598,-9.034139
599,317.98828
600,23.285656
601,274.2247
602,255.74596
603,7.61825
604,171.6227
605,77.409515
606,395.49808
607,202.53642
608,109.8044
609,156.57875
610,84.64467
611,235.68433
612,248.16676
613,96.19954
614,73.22924
615,97.57764
616,91.97254
617,2.745294
618,311.36874
619,158.83496
620,1.5326732
621,86.389175
622,179.4318
623,15.4441595
624,219.03008
625,184.5376
626,12.694988
627,29.051924
628,252.81183
629,21.022299
630,86.58405
631,351.30984
632,669.52747
633,28.604124
634,397.27734
635,217.71263
636,14.143823
637,567.12354
638,22.543392
639,174.42043
640,339.28043
641,291.84064
642,578.5131
643,166.53423
644,160.39792
645,18.813755
646,303.22327
647,296.8685
648,142.51183
649,101.915215
650,42.983173
651,278.62686
652,105.80806
653,390.98587
654,190.42567
655,124.3779
656,3.8308928
657,652.1277
658,111.73143
659,45.403168
660,70.04042
661,718.84454
662,113.361694
663,11.31801
664,373.52185
665,2.3396907
666,86.56199
667,33.405697
668,9.155287
669,127.88434
670,153.18263
671,71.49951
672,229.21333
673,31.895807
674,613.7436
675,352.5809
676,31.342844
677,2.6037433
678,151.88287
679,286.91922
680,141.72325
681,52.26187
682,129.26724
683,255.35896
684,260.6704
685,102.839714
686,70.10983
687,151.29478
688,586.3873
689,311.2751
690,18.870695
691,43.639767
692,135.7186
693,56.417725
694,331.99744
695,29.43812
696,94.28329
697,487.24103
698,3.7244103
699,536.2958
700,36.77226
701,82.87307
702,535.3385
703,44.370007
704,416.801
705,449.6366
706,230.15628
707,2.1949687
708,299.74673
709,262.8602
710,15.794872
711,19.292877
712,436.05734
713,67.729744
714,411.28894
715,153.49074
716,167.47499
717,118.93313
718,332.901
719,97.66006
720,66.99933
721,27.557407
722,288.57166
723,618.04974
724,287.1213
725,18.02849
726,364.15433
727,217.43227
728,27.842295
729,194.7266
730,171.88106
731,35.604134
732,424.55936
733,379.97537
734,291.1083
735,378.05945
736,15.194398
737,110.264694
738,307.86087
739,55.43239
740,131.91171
741,186.99704
742,14.810225
743,485.68494
744,28.815527
745,72.33173
746,295.2014
747,88.694885
748,29.097761
749,334.95663
750,486.79694
751,81.537796
752,623.6678
753,102.01957
754,44.23725
755,134.89584
756,3.5349402
757,181.71864
758,15.666556
759,135.4564
760,89.35611
761,17.578253
762,552.7185
763,751.35706
764,415.95932
765,12.673706
766,210.34155
767,108.280266
768,25.016848
769,4.1627197
770,392.16086
771,41.39977
772,64.49759
773,400.18005
774,157.39537
775,88.79984
776,496.82117
777,247.76805
778,562.4656
779,65.34514
780,72.6037
781,303.4846
782,251.85213
783,104.83453
784,129.90495
785,493.08163
786,8.885792
787,179.00854
788,39.139637
789,193.62836
790,8.534335
791,91.19709
792,132.53035
793,74.81994
794,364.36032
795,133.04224
796,43.05037
797,141.03864
798,308.73428
799,145.38156
800,115.71354
801,38.7639
802,79.82472
803,19.419292
804,94.85745
805,177.7582
806,249.31413
807,42.8189
808,98.03376
809,602.0948
810,317.80145
811,13.194359
812,325.6392
813,365.58206
814,314.51376
815,4.952976
816,66.60402
817,17.845728
818,15.036081
819,196.48613
820,113.94789
821,-3.2225823
822,20.781128
823,-16.366585
824,403.5353
825,158.24948
826,97.68827
827,286.11008
828,232.02682
829,-9.060776
830,335.5266
831,223.09978
832,432.5686
833,86.825905
834,159.33656
835,479.03394
836,135.46133
837,419.3585
838,378.88855
839,167.43457
840,314.48267
841,316.35294
842,30.722326
843,148.02084
844,130.93156
845,325.88715
846,66.33066
847,41.176193
848,48.06363
849,439.5359
850,159.6715
851,61.308987
852,13.337303
853,428.20477
854,-19.637903
855,94.22526
856,347.19446
857,117.83895
858,215.4048
859,55.286057
860,28.554525
861,183.53624
862,128.26364
863,215.40721
864,117.230835
865,258.21255
866,20.366545
867,26.5627
868,38.35491
869,304.95554
870,278.6869
871,572.1653
872,291.5615
873,31.421083
874,501.401
875,111.14836
876,222.68399
877,101.48454
878,139.58487
879,62.35461
880,228.19977
881,274.36194
882,83.82493
883,310.62677
884,310.32904
885,100.807526
886,270.89404
887,76.98014
888,28.079283
889,30.09095
890,-4.712479
891,32.587917
892,306.01968
893,217.73961
894,273.46896
895,213.1692
896,95.191635
897,184.12852
898,49.24738
899,9.36556
900,19.012945
901,42.30719
902,114.05179
903,31.865068
904,3.200609
905,260.42746
906,48.494778
907,60.14508
908,339.7907
909,34.885834
910,306.14536
911,160.83499
912,369.9921
913,41.88246
914,145.7135
915,117.08129
916,13.971529
917,123.29042
918,349.20215
919,212.74625
920,144.47807
921,25.040947
922,192.96123
923,57.00207
924,342.86542
925,112.108284
926,536.95996
927,63.84086
928,46.132927
929,126.71898
930,16.234852
931,24.127151
932,355.95023
933,85.980225
934,28.993977
935,486.59262
936,137.31285
937,26.66235
938,250.88124
939,236.96494
940,217.11102
941,1.233696
942,220.51994
943,257.78494
944,410.6782
945,159.8786
946,281.58398
947,470.93793
948,-11.845422
949,119.93769
950,2.1351194
951,393.3443
952,669.4406
953,611.88574
954,156.51038
955,233.39723
956,677.1235
957,6.589424
958,88.05578
959,68.44578
960,177.01268
961,68.03405
962,211.87575
963,120.84742
964,193.27855
965,182.33662
966,426.292
967,74.96464
968,603.11536
969,14.296702
970,178.37671
971,46.10363
972,91.369415
973,335.2498
974,9.340944
975,138.24527
976,350.385
977,30.738514
978,181.64096
979,352.60037
980,78.026566
981,179.09523
982,96.65648
983,295.37894
984,-2.1727068
985,255.24261
986,357.49213
987,204.78711
988,76.339645
989,122.69777
990,209.37988
991,178.24654
992,103.376076
993,225.20192
994,279.36368
995,196.31158
996,268.69263
997,0.6442619
998,577.449
999,303.76917
1000,85.51972
1001,268.20514
1002,556.77704
1003,216.08643
1004,6.088268
1005,6.650254
1006,153.9661
1007,70.01286
1008,368.0025
1009,650.4649
1010,163.44682
1011,166.11975
1012,17.942465
1013,188.70529
1014,40.049538
1015,180.42183
1016,473.30408
1017,212.65775
1018,-6.6390824
1019,317.04346
1020,369.9734
1021,146.2345
1022,362.03458
1023,365.51544
1024,7.9809885
1025,34.21633
1026,25.935236
1027,109.05002
1028,169.7191
1029,31.239199
1030,92.32523
1031,155.92245
1032,133.37642
1033,81.36296
1034,288.04092
1035,456.88464
1036,14.039449
1037,238.9705
1038,5.828327
1039,480.93558
1040,341.98022
1041,4.964408
1042,15.398305
1043,464.49323
1044,202.55858
1045,453.46313
1046,191.3158
1047,92.52748
1048,332.51877
1049,350.3526
1050,10.393653
1051,100.84927
1052,728.1626
1053,389.90027
1054,199.1841
1055,42.324673
1056,7.047353
1057,403.61957
1058,100.68928
1059,474.11383
1060,50.500786
1061,243.10994
1062,284.73175
1063,28.335701
1064,125.286125
1065,66.3751
1066,258.08777
1067,113.15143
1068,362.56375
1069,-7.896134
1070,207.91513
1071,291.26062
1072,137.50229
1073,268.398
1074,6.569874
1075,19.353231
1076,217.70938
1077,62.16229
1078,264.91614
1079,297.025
1080,78.940094
1081,304.81528
1082,46.814774
1083,140.38225
1084,275.5798
1085,416.3128
1086,447.5405
1087,125.8393
1088,63.10255
1089,19.576588
1090,223.83545
1091,59.47861
1092,79.96175
1093,103.71847
1094,212.05241
1095,43.17166
1096,691.20593
1097,814.57996
1098,67.72932
1099,161.02696
1100,13.523067
1101,133.49074
1102,37.391056
1103,26.414734
1104,216.2778
1105,267.27814
1106,414.73425
1107,87.94527
1108,3.733089
1109,38.230293
1110,32.072617
1111,495.96634
1112,189.35419
1113,193.31056
1114,238.45732
1115,126.98628
1116,308.40796
1117,187.85498
1118,4.9917026
1119,16.995394
1120,320.63333
1121,437.8645
1122,199.88295
1123,24.059889
1124,356.54642
1125,191.21666
1126,242.96275
1127,103.97967
1128,582.4581
1129,61.64598
1130,171.87756
1131,101.233406
1132,199.21576
1133,16.519821
1134,443.67548
1135,230.71848
1136,168.6575
1137,432.60574
1138,220.40196
1139,209.32991
1140,239.68597
1141,460.8851
1142,139.0594
1143,13.215117
1144,123.016716
1145,272.4083
1146,11.1230135
1147,49.104477
1148,203.96436
1149,247.40244
1150,169.68813
1151,20.352247
1152,420.48395
1153,210.1748
1154,181.3958
1155,169.83464
1156,416.23877
1157,122.82643
1158,361.04614
1159,52.55154
1160,176.26102
1161,326.92365
1162,327.00482
1163,720.294
1164,33.043453
1165,65.96337
1166,242.9916
1167,100.15698
1168,400.50204
1169,244.06668
1170,623.72766
1171,102.34327
1172,124.06389
1173,4.7313046
1174,315.17346
1175,27.27045
1176,42.024796
1177,14.977558
1178,17.064173
1179,650.0286
1180,210.92697
1181,337.86707
1182,-5.8763323
1183,119.24057
1184,15.323912
1185,0.07905483
1186,209.2127
1187,0.7685301
1188,223.26796
1189,-14.077362
1190,32.973026
1191,197.56987
1192,95.49337
1193,92.49757
1194,42.593163
1195,184.03276
1196,129.64088
1197,-18.17997
1198,-7.581815
1199,160.43457
1200,250.75172
1201,6.3905444
1202,41.071747
1203,79.58125
1204,5.667583
1205,286.09625
1206,297.8324
1207,200.56126
1208,388.58563
1209,189.88321
1210,397.86234
1211,201.76166
1212,94.30968
1213,85.77049
1214,343.88992
1215,217.34712
1216,213.30307
1217,235.58426
1218,200.86546
1219,458.91995
1220,-18.256086
1221,275.6709
1222,8.846857
1223,28.923136
1224,467.1754
1225,395.0775
1226,194.64093
1227,2.6037433
1228,95.39813
1229,408.0469
1230,428.6104
1231,487.58932
1232,0.8539609
1233,214.32237
1234,35.113377
1235,122.32949
1236,243.75774
1237,339.9664
1238,541.9559
1239,9.050516
1240,72.276596
1241,97.50304
1242,184.34294
1243,183.92876
1244,675.8819
1245,22.142561
1246,141.7818
1247,604.7124
1248,297.3874
1249,21.123161
1250,124.1718
1251,323.69714
1252,113.18775
1253,199.63329
1254,13.541623
1255,14.324768
1256,751.41846
1257,8.109618
1258,257.06192
1259,41.161396
1260,510.18106
1261,363.93954
1262,5.5824003
1263,82.67089
1264,251.15947
1265,37.152367
1266,98.257324
1267,148.34773
1268,459.5744
1269,16.05751
1270,170.3794
1271,138.29248
1272,546.62524
1273,99.66471
1274,14.240358
1275,216.99185
1276,428.5178
1277,8.802494
1278,168.01418
1279,32.062225
1280,25.305065
1281,107.43581
1282,251.98329
1283,78.54278
1284,3.983013
1285,24.088043
1286,308.79535
1287,298.5624
1288,195.14377
1289,220.27597
1290,488.10312
1291,265.71896
1292,562.0518
1293,29.571999
1294,177.12491
1295,177.64062
1296,306.1904
1297,351.9701
1298,260.8403
1299,275.32715
1300,421.98465
1301,273.77597
1302,294.07172
1303,13.5281515
1304,5.6804447
1305,-2.685825
1306,143.86816
1307,77.99898
1308,38.46839
1309,-39.681335
1310,247.95518
1311,664.3836
1312,190.66264
1313,72.964165
1314,11.4781885
1315,158.41827
1316,139.97398
1317,597.2356
1318,39.149975
1319,146.42938
1320,305.9537
1321,420.6691
1322,741.5269
1323,120.81329
1324,137.84094
1325,719.4003
1326,178.90752
1327,155.53024
1328,103.21229
1329,29.74773
1330,160.89154
1331,25.344732
1332,58.903812
1333,133.50673
1334,102.675476
1335,242.61475
1336,0.26578277
1337,249.86043
1338,96.11781
1339,79.66112
1340,8.162977
1341,134.45338
1342,367.77838
1343,-3.9441118
1344,501.14374
1345,106.53242
1346,34.175507
1347,160.27753
1348,53.873356
1349,600.7551
1350,112.82247
1351,14.873555
1352,111.784775
1353,50.176727
1354,231.95398
1355,276.4187
1356,230.34622
1357,108.040634
1358,105.269264
1359,171.27557
1360,83.67225
1361,618.7504
1362,386.57135
1363,2.0917723
1364,61.377224
1365,161.55286
1366,25.935078
1367,350.91998
1368,-1.39039
1369,197.4722
1370,34.308125
1371,109.54575
1372,27.3082
1373,157.46487
1374,37.59795
1375,59.101074
1376,78.18278
1377,441.26685
1378,428.00766
1379,281.83566
1380,336.80865
1381,115.991066
1382,49.76857
1383,227.27892
1384,403.05475
1385,438.26505
1386,67.45575
1387,-21.745905
1388,2.8871627
1389,113.81191
1390,137.44121
1391,44.942005
1392,273.79572
1393,12.124905
1394,239.44327
1395,619.1459
1396,57.680466
1397,302.95126
1398,241.36087
1399,572.119
1400,56.375134
1401,109.673164
1402,195.89818
1403,300.03125
1404,4.318905
1405,370.8446
1406,353.15567
1407,333.71866
1408,23.786165
1409,22.66671
1410,44.168144
1411,179.02322
1412,81.31453
1413,84.2427
1414,8.038287
1415,43.66097
1416,19.05153
1417,462.80057
1418,113.97833
1419,141.92114
1420,199.64542
1421,10.376966
1422,5.646461
1423,146.34697
1424,193.04037
1425,12.924844
1426,171.9287
1427,202.275
1428,217.06998
1429,2.620333
1430,30.470882
1431,446.5577
1432,384.30377
1433,14.265127
1434,85.781075
1435,206.52682
1436,181.33351
1437,33.948532
1438,479.37006
1439,4.445049
1440,106.87624
1441,33.305138
1442,10.601537
1443,6.986829
1444,412.1337
1445,-4.263486
1446,19.911623
1447,356.56082
1448,71.050735
1449,113.56437
1450,34.075542
1451,16.199442
1452,101.709404
1453,443.66925
1454,288.4718
1455,161.02048
1456,25.206102
1457,192.03079
1458,290.27185
1459,370.38403
1460,301.9308
1461,146.4234
1462,540.2583
1463,468.15912
1464,491.5275
1465,383.89362
1466,26.201214
1467,201.02528
1468,18.934204
1469,104.746925
1470,255.18723
1471,79.69881
1472,165.09157
1473,226.75414
1474,-8.767244
1475,389.39636
1476,290.03186
1477,220.80891
1478,-0.7196725
1479,209.37918
1480,86.85621
1481,40.49537
1482,243.12233
1483,27.047234
1484,355.20206
1485,109.75652
1486,125.77708
1487,81.786896
1488,717.9742
1489,135.4525
1490,67.50397
1491,15.32449
1492,31.969593
1493,-6.4489655
1494,-3.1377683
1495,208.27982
1496,10.678151
1497,58.950523
1498,60.077274
1499,3.6729295
1500,1.6797605
1501,308.81046
1502,113.43886
1503,8.040801
1504,638.0927
1505,522.33813
1506,22.421926
1507,204.19542
1508,577.312
1509,-9.765177
1510,431.02612
1511,191.22353
1512,258.08054
1513,8.759398
1514,4.126345
1515,87.00799
1516,137.45357
1517,286.25235
1518,453.02698
1519,64.16133
1520,48.942097
1521,140.835
1522,255.37793
1523,671.7866
1524,11.894199
1525,276.13913
1526,461.77808
1527,101.321266
1528,144.72719
1529,506.8342
1530,145.14275
1531,8.945498
1532,170.54942
1533,335.41757
1534,295.8897
1535,190.46164
1536,88.401215
1537,199.55305
1538,415.39603
1539,22.16131
1540,17.07
1541,2.1224408
1542,35.4615
1543,-10.210798
1544,309.94888
1545,11.203588
1546,122.60659
1547,130.38657
1548,214.28235
1549,449.62463
1550,5.9540443
1551,191.33267
1552,46.358906
1553,-1.3554422
1554,33.10056
1555,293.4926
1556,336.06955
1557,484.60208
1558,157.37437
1559,551.42426
1560,50.168602
1561,234.86444
1562,94.576546
1563,356.92004
1564,228.68716
1565,-5.780356
1566,108.49621
1567,55.344757
1568,111.81315
1569,92.599884
1570,137.30783
1571,246.81802
1572,59.556072
1573,527.0488
1574,-7.5819554
1575,154.44682
1576,311.0837
1577,13.417939
1578,12.52568
1579,113.70115
1580,13.869663
1581,230.59468
1582,399.9701
1583,20.61884
1584,156.22055
1585,205.98454
1586,249.64369
1587,441.234
1588,136.00316
1589,24.13255
1590,49.25188
1591,30.342918
1592,149.45795
1593,79.6578
1594,605.9982
1595,177.3855
1596,172.99312
1597,638.50464
1598,210.38527
1599,122.74634
1600,498.29916
1601,495.09872
1602,285.9506
1603,62.361244
1604,138.84923
1605,27.796404
1606,18.757217
1607,246.28934
1608,77.750496
1609,445.91074
1610,112.68995
1611,187.13625
1612,147.04613
1613,345.57355
1614,503.91306
1615,18.921883
1616,259.4816
1617,47.16041
1618,185.35413
1619,590.99646
1620,216.48456
1621,6.53703
1622,139.8664
1623,275.80908
1624,117.904076
1625,32.22084
1626,296.0508
1627,7.1575527
1628,30.197556
1629,172.2105
1630,276.16098
1631,101.63646
1632,112.22898
1633,60.478275
1634,-8.418625
1635,490.06003
1636,179.24333
1637,39.429703
1638,153.99251
1639,162.55186
1640,82.09489
1641,388.67316
1642,498.14267
1643,198.83833
1644,21.661552
1645,297.45483
1646,13.843092
1647,-12.262615
1648,143.48372
1649,352.69125
1650,191.1113
1651,238.35185
1652,210.58337
1653,428.03372
1654,153.49336
1655,538.43304
1656,106.79394
1657,118.413345
1658,99.784004
1659,293.08868
1660,322.6819
1661,116.06907
1662,238.33218
1663,-3.9684794
1664,23.098316
1665,168.83943
1666,-3.9058435
1667,82.94651
1668,215.95271
1669,26.457306
1670,195.59506
1671,345.69812
1672,78.64353
1673,190.56485
1674,148.89334
1675,751.4026
1676,58.72753
1677,342.12396
1678,128.3325
1679,18.990705
1680,8.092079
1681,67.66324
1682,221.73773
1683,192.69305
1684,5.6879563
1685,269.55173
1686,25.793966
1687,-18.188858
1688,602.85187
1689,206.159
1690,1.3994323
1691,146.04681
1692,229.2181
1693,417.12784
1694,209.75418
1695,339.4332
1696,6.8789625
1697,212.14682
1698,233.55165
1699,43.640156
1700,90.15631
1701,232.70406
1702,86.1737
1703,489.59583
1704,55.087315
1705,62.23393
1706,331.3273
1707,137.70863
1708,135.39151
1709,97.12883
1710,23.737154
1711,113.48761
1712,317.65735
1713,226.14531
1714,219.43417
1715,28.383324
1716,626.3216
1717,151.63292
1718,146.91899
1719,18.86702
1720,139.6529
1721,206.2804
1722,102.169655
1723,9.28155
1724,31.758778
1725,263.93845
1726,35.896553
1727,24.143902
1728,97.515976
1729,112.49635
1730,514.38684
1731,69.82
1732,570.09406
1733,10.705825
1734,48.00087
1735,138.26459
1736,365.66168
1737,104.86546
1738,14.952843
1739,53.754215
1740,217.72133
1741,385.26102
1742,248.1576
1743,317.29276
1744,-4.610537
1745,203.77278
1746,11.167537
1747,364.73544
1748,285.26486
1749,95.303535
1750,233.25832
1751,380.40375
1752,273.8062
1753,134.98875
1754,416.22705
1755,25.482841
1756,5.600385
1757,358.48785
1758,27.500156
1759,88.11605
1760,62.604733
1761,550.9847
1762,506.45517
1763,135.49722
1764,76.35728
1765,109.69496
1766,116.96843
1767,456.64734
1768,327.2441
1769,516.6232
1770,10.48199
1771,368.4267
1772,150.76398
1773,89.62231
1774,183.08937
1775,421.63516
1776,594.89606
1777,92.17182
1778,4.46903
1779,66.501434
1780,160.27405
1781,657.90515
1782,166.5246
1783,636.80023
1784,86.72425
1785,104.42246
1786,158.455
1787,20.741951
1788,20.055275
1789,131.8921
1790,387.7631
1791,330.65564
1792,40.711918
1793,214.1823
1794,685.65564
1795,269.40616
1796,685.70734
1797,685.22534
1798,51.595467
1799,141.55133
1800,582.8067
1801,177.72852
1802,7.6474414
1803,70.42641
1804,192.73
1805,197.62378
1806,191.3276
1807,143.17096
1808,197.04517
1809,54.32717
1810,-0.983914
1811,121.34618
1812,59.219074
1813,2.6288106
1814,220.90164
1815,13.830257
1816,586.84094
1817,142.88545
1818,166.48102
1819,17.266802
1820,65.02517
1821,291.13577
1822,11.2655735
1823,209.95673
1824,272.69086
1825,251.63849
1826,185.82959
1827,119.735855
1828,326.02725
1829,305.9107
1830,202.11137
1831,347.20825
1832,194.2468
1833,8.446259
1834,560.3538
1835,354.83688
1836,577.4724
1837,620.1341
1838,277.5216
1839,82.883224
1840,167.3697
1841,3.9684517
1842,2.2330313
1843,15.21038
1844,8.571914
1845,31.742216
1846,101.72163
1847,214.44957
1848,248.98647
1849,549.95825
1850,133.953
1851,8.902188
1852,-8.349969
1853,39.75247
1854,68.89986
1855,16.658154
1856,9.18672
1857,719.0561
1858,209.47673
1859,226.33276
1860,12.497266
1861,148.84398
1862,-0.09978727
1863,14.588371
1864,120.52062
1865,275.8116
1866,339.58765
1867,415.03604
1868,-10.375912
1869,220.28723
1870,5.471243
1871,68.79294
1872,606.5341
1873,21.532406
1874,173.13235
1875,221.71606
1876,516.68536
1877,11.94306
1878,10.791035
1879,-7.312591
1880,324.06903
1881,43.898674
1882,157.17484
1883,9.757498
1884,285.1136
1885,23.131857
1886,131.49928
1887,714.306
1888,88.430046
1889,508.6252
1890,188.31374
1891,418.63824
1892,13.181558
1893,80.49905
1894,18.154243
1895,131.2331
1896,533.587
1897,148.16127
1898,380.50122
1899,362.97668
1900,373.61047
1901,479.30136
1902,82.28176
1903,319.7545
1904,1.0150322
1905,266.51846
1906,13.090029
1907,-0.3919247
1908,58.9216
1909,28.23841
1910,231.60593
1911,102.35767
1912,4.451477
1913,63.10605
1914,285.11752
1915,178.05664
1916,520.7129
1917,98.90688
1918,83.6095
1919,175.10648
1920,48.677536
1921,328.72836
1922,129.36667
1923,39.145805
1924,356.2024
1925,378.9765
1926,19.870823
1927,5.649069
1928,216.1441
1929,10.812013
1930,36.162495
1931,297.3266
1932,246.33385
1933,50.084206
1934,399.5407
1935,116.748245
1936,135.35283
1937,16.656755
1938,347.43268
1939,89.56721
1940,362.6261
1941,0.23624398
1942,21.420233
1943,82.45164
1944,133.51314
1945,47.842476
1946,288.04752
1947,196.88249
1948,321.744
1949,12.976633
1950,87.59765
1951,138.38898
1952,241.1103
1953,223.0482
1954,82.89518
1955,97.86323
1956,108.58382
1957,151.77818
1958,199.06326
1959,565.5906
1960,-2.5878818
1961,144.26965
1962,253.49535
1963,59.968353
1964,449.1152
1965,265.53467
1966,8.561268
1967,256.53214
1968,117.72563
1969,8.483082
1970,195.21692
1971,822.3286
1972,12.061459
1973,43.21465
1974,127.22797
1975,392.05054
1976,150.90831
1977,195.76382
1978,260.21344
1979,87.30655
1980,140.63669
1981,110.20884
1982,-3.952369
1983,-0.4170351
1984,170.97044
1985,124.07637
1986,18.192759
1987,484.38196
1988,62.865158
1989,354.67215
1990,348.63412
1991,311.9278
1992,595.25006
1993,79.11092
1994,186.60165
1995,269.07727
1996,660.7806
1997,397.0828
1998,12.466977
1999,348.9739
2000,782.6864
2001,16.017166
2002,374.95444
2003,209.02924
2004,445.98062
2005,296.7537
2006,80.173904
2007,9.478757
2008,144.6446
2009,18.56405
2010,78.70056
2011,54.18714
2012,155.36536
2013,11.747397
2014,270.20154
2015,-7.8968167
2016,220.82611
2017,-8.814656
2018,354.19534
2019,10.739061
2020,148.8579
2021,259.49374
2022,234.76138
2023,4.307965
2024,32.249065
2025,252.827
2026,306.26834
2027,3.0083034
2028,291.28125
2029,131.94148
2030,7.075146
2031,93.739746
2032,115.60252
2033,67.69525
2034,17.442053
2035,406.19598
2036,182.1504
2037,230.13177
2038,38.208733
2039,290.54935
2040,272.4834
2041,512.8453
2042,184.79909
2043,72.233826
2044,2.47328
2045,272.62735
2046,719.80493
2047,212.48671
2048,244.56175
2049,183.04399
2050,600.3696
2051,355.48422
2052,387.69882
2053,314.73013
2054,378.68866
2055,73.344536
2056,60.002422
2057,92.56932
2058,160.5193
2059,127.387566
2060,424.63702
2061,78.700806
2062,266.046
2063,-2.1791477
2064,638.0968
2065,274.10718
2066,309.0159
2067,208.83257
2068,15.95154
2069,261.30722
2070,78.207146
2071,284.24536
2072,362.74048
2073,61.433052
2074,133.1447
2075,315.76733
2076,308.6659
2077,434.98462
2078,397.1951
2079,168.9994
2080,151.10881
2081,248.37746
2082,36.734886
2083,2.614105
2084,37.520863
2085,8.6062355
2086,60.80542
2087,225.64928
2088,60.878803
2089,204.9473
2090,-12.362305
2091,188.832
2092,11.1048
2093,0.1412236
2094,63.067287
2095,281.41235
2096,108.29483
2097,225.38397
2098,48.45365
2099,230.89008
2100,153.2714
2101,70.11313
2102,58.58716
2103,-0.6287612
2104,497.94748
2105,-0.84771883
2106,94.10742
2107,262.1103
2108,368.59265
2109,19.900467
2110,260.19092
2111,371.51407
2112,308.746
2113,15.0562525
2114,172.31613
2115,40.82015
2116,217.68294
2117,322.02106
2118,225.99963
2119,173.86168
2120,74.026405
2121,64.749016
2122,113.25144
2123,0.7939199
2124,233.19702
2125,110.5516
2126,158.10088
2127,424.56274
2128,429.13248
2129,466.4549
2130,47.23171
2131,211.51242
2132,92.633125
2133,269.97733
2134,25.17143
2135,273.77692
2136,202.50674
2137,89.63657
2138,10.751285
2139,60.265182
2140,61.958023
2141,676.50696
2142,754.21484
2143,143.81073
2144,215.6292
2145,93.631874
2146,65.93658
2147,7.0531926
2148,-17.213823
2149,202.80185
2150,-14.004228
2151,310.60522
2152,573.02704
2153,-8.801432
2154,108.41181
2155,261.1962
2156,276.53412
2157,311.95206
2158,232.92784
2159,684.0472
2160,33.92305
2161,15.736805
2162,104.54355
2163,0.35425287
2164,229.50249
2165,-4.996337
2166,56.176712
2167,488.52695
2168,-13.353731
2169,88.33851
2170,49.70012
2171,916.0085
2172,3.1733806
2173,83.34374
2174,11.519786
2175,108.06254
2176,115.783424
2177,2.830955
2178,134.63007
2179,247.68544
2180,258.7346
2181,11.1754465
2182,380.6678
2183,18.825249
2184,424.51645
2185,199.8141
2186,190.81825
2187,113.7206
2188,259.4455
2189,147.37227
2190,-5.116962
2191,76.52192
2192,405.1215
2193,213.42883
2194,585.1202
2195,473.51523
2196,306.0831
2197,8.011742
2198,29.174444
2199,419.84967
2200,15.6491585
2201,138.04277
2202,98.27234
2203,103.05837
2204,317.99603
2205,62.63298
2206,4.9864774
2207,123.94143
2208,111.02552
2209,125.994385
2210,174.85619
2211,231.67929
2212,436.2121
2213,613.08765
2214,54.793285
2215,289.55933
2216,378.8452
2217,-5.677195
2218,701.96246
2219,0.88017726
2220,446.4475
2221,64.73367
2222,292.0095
2223,319.28036
2224,79.371704
2225,9.294847
2226,3.7095995
2227,44.18474
2228,178.13629
2229,-0.09388543
2230,52.59358
2231,154.10661
2232,184.35222
2233,40.147808
2234,197.59358
2235,10.603645
2236,159.19447
2237,9.879154
2238,908.57
2239,74.78852
2240,27.817072
2241,127.95927
2242,361.852
2243,142.40764
2244,102.05833
2245,519.9676
2246,39.823406
2247,18.29906
2248,301.32202
2249,73.396126
2250,50.522278
2251,181.3611
2252,150.43378
2253,146.4088
2254,260.57776
2255,137.49503
2256,4.88109
2257,391.73856
2258,35.367214
2259,360.27322
2260,100.840576
2261,119.09204
2262,59.067963
2263,1.2391226
2264,10.64628
2265,220.53845
2266,43.095932
2267,515.1019
2268,25.792887
2269,648.82806
2270,235.03075
2271,11.179514
2272,51.18641
2273,30.834593
2274,266.42184
2275,19.193481
2276,29.698048
2277,38.44951
2278,-0.094136484
2279,180.26471
2280,432.54007
2281,52.340286
2282,89.318794
2283,21.57751
2284,153.78392
2285,185.5387
2286,419.08957
2287,681.453
2288,11.443529
2289,265.69705
2290,206.99164
2291,37.177467
2292,6.3324313
2293,472.28943
2294,268.05435
2295,22.641369
2296,341.79657
2297,111.78558
2298,46.3875
2299,14.998372
2300,69.150734
2301,20.867662
2302,20.970036
2303,43.062897
2304,438.8189
2305,251.15001
2306,213.55542
2307,489.83923
2308,23.824379
2309,623.5774
2310,215.31729
2311,63.840153
2312,262.94058
2313,194.22812
2314,424.26617
2315,24.333372
2316,270.85587
2317,219.6172
2318,270.5383
2319,332.23697
2320,29.92493
2321,12.576883
2322,339.76718
2323,243.17445
2324,80.73865
2325,83.4286
2326,437.69458
2327,370.88373
2328,477.31412
2329,34.982185
2330,93.88425
2331,3.1437116
2332,11.76747
2333,89.511444
2334,10.91217
2335,6.6387744
2336,1.2413507
2337,223.78337
2338,22.089907
2339,255.7028
2340,2.7436056
2341,45.504044
2342,480.1006
2343,2.9156606
2344,-4.716848
2345,117.38942
2346,54.160408
2347,462.9802
2348,56.07708
2349,157.32954
2350,-23.214884
2351,36.65265
2352,91.01876
2353,333.63275
2354,2.5686653
2355,600.89246
2356,155.78958
2357,203.28197
2358,584.6745
2359,174.8446
2360,200.99344
2361,94.307846
2362,363.56863
2363,55.9837
2364,18.948004
2365,196.09438
2366,101.01023
2367,353.7682
2368,647.6713
2369,327.6648
2370,529.1556
2371,308.20337
2372,58.10269
2373,54.4102
2374,2.7418604
2375,227.53593
2376,483.67926
2377,118.94189
2378,385.36295
2379,35.60072
2380,296.15408
2381,232.96416
2382,374.1923
2383,579.3815
2384,168.57387
2385,292.97568
2386,376.65997
2387,37.074795
2388,63.934868
2389,190.14232
2390,13.6628475
2391,182.86691
2392,286.3687
2393,65.929016
2394,147.74544
2395,202.86977
2396,271.0112
2397,80.98351
2398,173.78918
2399,6.574211
2400,504.94592
2401,48.688156
2402,713.39136
2403,272.72705
2404,866.4451
2405,516.2364
2406,133.93164
2407,32.407043
2408,4.869761
2409,718.7904
2410,326.41418
2411,1.1273426
2412,53.804264
2413,24.947668
2414,213.26172
2415,376.26144
2416,17.516907
2417,206.94922
2418,234.39166
2419,9.484011
2420,1.717936
2421,11.571578
2422,738.158
2423,121.23513
2424,-14.551547
2425,310.53488
2426,428.89645
2427,10.664403
2428,406.77505
2429,7.8883414
2430,252.76349
2431,197.18825
2432,58.63496
2433,9.962678
2434,77.90177
2435,213.05252
2436,-0.46326077
2437,119.24144
2438,3.5804217
2439,22.327837
2440,8.431571
2441,28.740921
2442,391.3342
2443,-2.3320844
2444,514.5976
2445,219.66667
2446,28.547848
2447,96.711975
2448,286.53998
2449,157.90303
2450,160.21452
2451,8.958571
2452,18.166534
2453,126.93372
2454,201.47772
2455,85.577034
2456,349.65765
2457,29.839815
2458,253.84818
2459,209.1814
2460,165.2961
2461,233.28766
2462,320.6572
2463,10.552834
2464,150.2388
2465,216.5823
2466,369.0977
2467,168.16272
2468,10.886145
2469,97.5391
2470,304.3866
2471,18.072468
2472,490.02182
2473,-11.99529
2474,207.01161
2475,181.8325
2476,289.33664
2477,101.050514
2478,90.10985
2479,479.25998
2480,353.5151
2481,335.35147
2482,30.528702
2483,73.58428
2484,340.3249
2485,486.4791
2486,497.19443
2487,132.27914
2488,21.83249
2489,113.052925
2490,-19.129147
2491,578.8272
2492,26.900023
2493,335.8668
2494,175.60428
2495,292.54123
2496,10.324046
2497,326.35208
2498,279.4014
2499,6.072099
2500,19.553434
2501,399.61667
2502,107.52377
2503,258.40463
2504,106.903786
2505,-0.31826797
2506,178.03029
2507,188.9321
2508,11.100391
2509,83.92846
2510,15.326862
2511,713.8333
2512,264.361
2513,19.390211
2514,176.30107
2515,64.11036
2516,158.90874
2517,314.97418
2518,28.3767
2519,47.519215
2520,245.60512
2521,411.38864
2522,-13.4805565
2523,269.12155
2524,249.71544
2525,149.50473
2526,120.60258
2527,59.999283
2528,44.511505
2529,86.00428
2530,228.10512
2531,6.126079
2532,275.8137
2533,174.79556
2534,54.219154
2535,-2.0229387
2536,483.49417
2537,239.96902
2538,117.52576
2539,18.451344
2540,419.58267
2541,263.65933
2542,111.87845
2543,266.81876
2544,242.21808
2545,174.76965
2546,478.25116
2547,876.09546
2548,175.981
2549,10.708569
2550,259.56516
2551,20.697718
2552,266.6528
2553,232.75508
2554,65.427345
2555,119.66709
2556,164.90715
2557,386.38925
2558,115.86011
2559,375.69714
2560,295.25867
2561,621.0095
2562,198.15427
2563,28.219666
2564,8.453111
2565,174.65567
2566,235.96877
2567,8.13689
2568,38.053295
2569,166.91011
2570,573.0514
2571,341.7433
2572,-5.449851
2573,37.544727
2574,-3.4263453
2575,122.510925
2576,7.378424
2577,48.166183
2578,-0.75188303
2579,94.67088
2580,359.2102
2581,193.68619
2582,444.8706
2583,618.9545
2584,120.5409
2585,301.443
2586,173.75581
2587,100.66314
2588,89.36299
2589,16.896515
2590,220.1932
2591,11.033544
2592,509.666
2593,-3.904309
2594,353.67633
2595,568.8416
2596,263.82117
2597,77.7625
2598,67.88742
2599,24.401447
2600,50.48484
2601,172.11789
2602,185.1485
2603,115.646034
2604,13.727097
2605,0.15702519
2606,599.2891
2607,190.5771
2608,178.80992
2609,324.83517
2610,104.280975
2611,14.983012
2612,113.724205
2613,158.68257
2614,15.573345
2615,123.66414
2616,22.053534
2617,-11.102356
2618,86.74837
2619,114.18467
2620,192.75842
2621,74.32529
2622,269.5259
2623,310.90414
2624,229.61617
2625,29.360826
2626,287.4486
2627,11.733288
2628,56.57452
2629,284.6085
2630,164.73358
2631,58.364655
2632,99.967186
2633,67.07064
2634,59.23451
2635,77.41512
2636,174.16042
2637,236.76932
2638,43.657825
2639,209.06062
2640,239.06187
2641,246.01396
2642,14.274207
2643,168.25584
2644,36.14767
2645,222.70381
2646,300.41486
2647,105.37547
2648,50.06389
2649,177.93109
2650,54.087864
2651,110.107
2652,338.78268
2653,18.945498
2654,361.68314
2655,202.14574
2656,202.08908
2657,440.37433
2658,371.40277
2659,165.91026
2660,338.8266
2661,232.7965
2662,169.1902
2663,196.51309
2664,179.87343
2665,9.53084
2666,345.24582
2667,91.07717
2668,98.45613
2669,156.81827
2670,25.006346
2671,260.82718
2672,175.40756
2673,-2.7283978
2674,26.443836
2675,606.7162
2676,156.77815
2677,487.25742
2678,154.25685
2679,53.78452
2680,15.566477
2681,135.97514
2682,80.24744
2683,107.169334
2684,276.6041
2685,5.997002
2686,430.529
2687,110.44593
2688,1.8281289
2689,-0.6141934
2690,24.53376
2691,137.99745
2692,61.563152
2693,11.209956
2694,18.36405
2695,27.071646
2696,158.4733
2697,302.1486
2698,115.59986
2699,655.43256
2700,13.336917
2701,92.70686
2702,36.579247
2703,353.57388
2704,230.30206
2705,132.20456
2706,158.36496
2707,566.1956
2708,24.583763
2709,372.15018
2710,140.59866
2711,179.52837
2712,63.78493
2713,103.57065
2714,201.91571
2715,46.135353
2716,106.94677
2717,16.512724
2718,12.8432045
2719,8.148281
2720,2.2941632
2721,44.16441
2722,471.1666
2723,252.75749
2724,230.95224
2725,19.946033
2726,173.67017
2727,6.838242
2728,22.276926
2729,159.27573
2730,199.1248
2731,109.339066
2732,230.08899
2733,341.18253
2734,99.411476
2735,169.64946
2736,56.954895
2737,165.07492
2738,436.1132
2739,30.80854
2740,180.22525
2741,549.20404
2742,314.15485
2743,-7.4029713
2744,141.79689
2745,309.3975
2746,303.8481
2747,4.3917274
2748,81.64944
2749,9.952208
2750,49.529564
2751,227.64534
2752,167.06915
2753,12.665107
2754,176.1643
2755,289.4646
2756,483.47623
2757,132.98882
2758,339.82617
2759,218.22441
2760,440.39786
2761,206.97778
2762,208.8664
2763,62.708134
2764,259.77454
2765,497.4827
2766,103.6878
2767,67.31132
2768,649.55756
2769,11.205351
2770,51.341553
2771,168.06786
2772,350.8124
2773,508.4018
2774,16.43966
2775,10.005512
2776,-4.5969725
2777,11.859775
2778,195.35336
2779,88.212326
2780,189.81282
2781,182.4487
2782,508.05286
2783,65.17333
2784,-0.21270949
2785,640.3415
2786,430.2631
2787,230.2775
2788,173.878
2789,163.18462
2790,164.29466
2791,247.77649
2792,10.795544
2793,252.87857
2794,167.59888
2795,589.4721
2796,482.5723
2797,66.9206
2798,182.20409
2799,277.69458
2800,139.62378
2801,182.38112
2802,0.4235846
2803,116.11273
2804,461.42798
2805,96.025
2806,115.95358
2807,114.80031
2808,152.8034
2809,15.905247
2810,190.49379
2811,26.885622
2812,220.11827
2813,549.36444
2814,60.72664
2815,339.29242
2816,333.63864
2817,261.537
2818,18.538902
2819,720.9347
2820,11.806864
2821,280.30573
2822,42.46111
2823,21.579859
2824,521.15814
2825,134.96655
2826,365.76718
2827,284.02893
2828,179.64159
2829,11.741642
2830,137.2325
2831,247.54338
2832,-1.2936097
2833,232.78078
2834,326.19998
2835,50.55732
2836,247.44656
2837,5.6728463
2838,290.89276
2839,384.15744
2840,21.752495
2841,8.061722
2842,362.63348
2843,7.9546213
2844,8.464587
2845,161.72884
2846,190.89122
2847,207.57204
2848,360.29367
2849,45.495605
2850,109.55561
2851,71.33717
2852,2.6374562
2853,252.3021
2854,380.74323
2855,554.79694
2856,-40.71101
2857,209.13979
2858,182.40422
2859,293.4314
2860,407.42102
2861,32.91101
2862,267.23297
2863,147.53276
2864,18.48849
2865,176.95735
2866,5.5961742
2867,530.82605
2868,158.25862
2869,115.25252
2870,195.43875
2871,10.246773
2872,58.130486
2873,55.559452
2874,114.42244
2875,210.65811
2876,579.05194
2877,278.31427
2878,251.82826
2879,5.0541277
2880,239.80426
2881,125.245125
2882,-12.527568
2883,460.8668
2884,359.79535
2885,109.0608
2886,174.42947
2887,44.744915
2888,29.987936
2889,525.75275
2890,188.87091
2891,65.41547
2892,175.8657
2893,10.137141
2894,711.1762
2895,352.46732
2896,47.829422
2897,175.5777
2898,334.44586
2899,396.5252
2900,75.52071
2901,521.5756
2902,6.572568
2903,48.17004
2904,841.97833
2905,-3.535114
2906,236.7448
2907,3.2627857
2908,10.791089
2909,12.084005
2910,55.900047
2911,145.40704
2912,191.33289
2913,485.93164
2914,111.72913
2915,131.91647
2916,7.2234225
2917,181.42326
2918,251.88995
2919,155.31572
2920,549.75903
2921,109.0688
2922,233.30334
2923,314.3124
2924,8.697211
2925,-0.17340577
2926,2.4049451
2927,171.05872
2928,4.688996
2929,53.583065
2930,423.62582
2931,422.76608
2932,281.08365
2933,478.77875
2934,11.487782
2935,239.68723
2936,143.193
2937,2.848033
2938,245.51938
2939,269.9566
2940,229.93675
2941,10.956158
2942,288.38596
2943,131.73509
2944,361.12546
2945,119.703804
2946,175.49586
2947,180.11374
2948,446.43405
2949,423.82486
2950,148.72925
2951,20.649206
2952,22.784039
2953,16.062885
2954,635.72
2955,147.55957
2956,220.20111
2957,1.1761796
2958,9.019186
2959,5.292867
2960,54.037804
2961,143.54817
2962,123.61497
2963,493.83054
2964,421.3144
2965,2.965079
2966,203.59592
2967,20.992693
2968,632.05774
2969,430.5552
2970,256.84396
2971,202.92291
2972,433.7185
2973,28.998365
2974,111.880775
2975,33.53552
2976,29.483704
2977,30.056662
2978,28.99716
2979,290.902
2980,550.44476
2981,347.78238
2982,523.6221
2983,419.61945
2984,48.475414
2985,143.38008
2986,160.25499
2987,319.74277
2988,66.080536
2989,581.4923
2990,321.12854
2991,44.999466
2992,386.113
2993,390.08
2994,178.02248
2995,156.74393
2996,171.28583
2997,28.865767
2998,28.582413
2999,398.16782
3000,193.69714
3001,354.68042
3002,22.258509
3003,186.98492
3004,203.87581
3005,43.02163
3006,76.71078
3007,377.74457
3008,21.868113
3009,228.10938
3010,3.2815988
3011,571.62933
3012,146.74104
3013,443.94217
3014,77.409676
3015,203.39534
3016,34.95886
3017,489.85657
3018,9.068107
3019,453.80707
3020,41.33775
3021,132.81926
3022,438.97864
3023,158.89546
3024,166.93123
3025,643.5124
3026,52.363346
3027,117.83847
3028,41.206364
3029,57.53468
3030,18.356382
3031,220.82317
3032,207.77446
3033,415.59598
3034,184.13622
3035,443.04413
3036,134.77654
3037,566.1071
3038,377.41278
3039,364.19144
3040,37.18375
3041,684.18787
3042,68.30075
3043,50.754276
3044,1.754616
3045,20.13072
3046,63.550972
3047,201.93143
3048,157.17513
3049,229.14694
3050,512.71313
3051,93.87452
3052,241.75774
3053,272.50363
3054,27.162735
3055,127.20598
3056,259.0312
3057,358.64264
3058,57.961796
3059,13.351854
3060,294.39188
3061,250.66006
3062,564.50653
3063,469.75537
3064,12.996869
3065,194.65186
3066,66.10861
3067,53.018997
3068,28.401064
3069,36.888393
3070,12.089373
3071,21.854538
3072,3.2657301
3073,132.27927
3074,217.46683
3075,238.13278
3076,80.5627
3077,211.2684
3078,329.6655
3079,249.13875
3080,343.4109
3081,236.89307
3082,131.09233
3083,308.52554
3084,143.36314
3085,328.61707
3086,347.23856
3087,257.16266
3088,228.22342
3089,33.162132
3090,480.29315
3091,403.94073
3092,237.70117
3093,48.39533
3094,149.25667
3095,235.60657
3096,41.158348
3097,34.497913
3098,127.77364
3099,136.71527
3100,313.9522
3101,4.270582
3102,15.953752
3103,239.51337
3104,-6.0725746
3105,27.938696
3106,432.44983
3107,151.0897
3108,75.183266
3109,320.51865
3110,10.074216
3111,30.767405
3112,427.83218
3113,251.86656
3114,2.0298035
3115,144.52681
3116,257.63773
3117,22.224718
3118,117.480995
3119,135.40799
3120,401.76862
3121,318.9068
3122,242.36945
3123,334.5494
3124,72.764435
3125,152.53856
3126,13.943122
3127,13.707405
3128,20.968725
3129,456.05685
3130,387.3315
3131,4.666336
3132,186.0721
3133,114.70328
3134,-1.0893439
3135,39.84907
3136,-7.941077
3137,41.342903
3138,168.40933
3139,375.9593
3140,197.13344
3141,60.79561
3142,289.67468
3143,217.02444
3144,497.3809
3145,488.11615
3146,143.15384
3147,38.929768
3148,199.00673
3149,234.26042
3150,85.93927
3151,685.1383
3152,217.34836
3153,149.33551
3154,195.4495
3155,27.51378
3156,399.0821
3157,41.50228
3158,33.417946
3159,109.82832
3160,285.83633
3161,357.02118
3162,362.69354
3163,689.01624
3164,65.007645
3165,801.7852
3166,248.63133
3167,252.22726
3168,415.54773
3169,326.39932
3170,343.25757
3171,295.7831
3172,526.513
3173,152.79756
3174,558.29816
3175,328.7534
3176,194.54767
3177,340.0987
3178,109.408066
3179,322.71826
3180,479.01883
3181,705.7206
3182,-3.5667996
3183,133.32692
3184,164.22989
3185,20.247442
3186,48.692886
3187,479.77405
3188,229.12155
3189,410.87582
3190,243.36047
3191,59.949673
3192,182.44559
3193,174.02202
3194,52.78288
3195,145.94025
3196,114.73954
3197,691.20776
3198,200.83359
3199,64.648285
3200,314.5242
3201,293.03745
3202,255.15924
3203,7.0051756
3204,7.299693
3205,69.22858
3206,27.604935
3207,278.80472
3208,178.06885
3209,201.42096
3210,336.979
3211,373.57465
3212,432.8807
3213,268.75204
3214,599.4819
3215,67.05456
3216,325.666
3217,539.0336
3218,672.19934
3219,13.1964
3220,251.54909
3221,59.273777
3222,267.69598
3223,542.56604
3224,219.91806
3225,613.267
3226,113.61598
3227,306.15045
3228,751.15015
3229,226.16687
3230,1.2893907
3231,414.94727
3232,50.638515
3233,201.87407
3234,143.10674
3235,163.20715
3236,12.988369
3237,388.29388
3238,-1.463977
3239,454.03616
3240,446.67297
3241,205.35397
3242,593.7504
3243,264.1917
3244,718.5762
3245,408.21808
3246,366.44373
3247,492.8671
3248,89.71401
3249,176.06393
3250,167.30884
3251,822.57275
3252,107.90327
3253,128.85622
3254,7.995914
3255,250.49036
3256,204.65286
3257,472.62527
3258,328.9305
3259,336.44614
3260,146.30962
3261,39.914337
3262,15.886603
3263,283.59012
3264,22.588774
3265,340.4683
3266,51.93406
3267,0.7257604
3268,118.878
3269,225.34438
3270,214.41199
3271,8.376015
3272,324.99332
3273,113.493164
3274,96.90802
3275,87.39439
3276,19.788944
3277,23.370968
3278,304.32727
3279,224.56299
3280,170.15044
3281,278.93436
3282,426.96048
3283,194.91972
3284,82.558
3285,10.824949
3286,282.435
3287,161.21887
3288,56.33829
3289,224.9639
3290,11.579883
3291,8.863096
3292,3.1158974
3293,33.463573
3294,232.72095
3295,456.11023
3296,146.82272
3297,77.96992
3298,183.65352
3299,189.89809
3300,213.83871
3301,182.35861
3302,118.67634
3303,276.80344
3304,369.2092
3305,79.51269
3306,15.884438
3307,43.394012
3308,239.66685
3309,-5.5791802
3310,384.53467
3311,134.7628
3312,73.6529
3313,-2.5652306
3314,32.564163
3315,182.3907
3316,210.37788
3317,87.87626
3318,214.52602
3319,359.7513
3320,7.719884
3321,203.59505
3322,10.797762
3323,558.17426
3324,394.84048
3325,199.64255
3326,436.19775
3327,384.46783
3328,76.00805
3329,193.13068
3330,216.75111
3331,242.6869
3332,262.0569
3333,148.99484
3334,59.1184
3335,11.310519
3336,238.94142
3337,62.89739
3338,211.58023
3339,106.36059
3340,185.82289
3341,-13.016966
3342,25.357422
3343,41.03422
3344,24.80317
3345,309.88123
3346,101.27604
3347,-11.2526655
3348,12.647642
3349,14.922079
3350,359.146
3351,53.510925
3352,42.118343
3353,28.55973
3354,625.9032
3355,221.24797
3356,573.59
3357,127.31459
3358,251.19719
3359,113.09279
3360,361.8445
3361,648.1033
3362,54.121075
3363,397.66644
3364,316.35907
3365,13.984568
3366,5.4541397
3367,30.23951
3368,28.447353
3369,220.09889
3370,166.01227
3371,444.7849
3372,478.88004
3373,74.00245
3374,633.9994
3375,71.87143
3376,359.3428
3377,446.08173
3378,219.58087
3379,101.402985
3380,-9.574995
3381,117.70768
3382,104.38822
3383,3.1712086
3384,44.091602
3385,553.9184
3386,94.608376
3387,192.19298
3388,210.24908
3389,8.833075
3390,114.666115
3391,135.90665
3392,414.42075
3393,162.48975
3394,35.108593
3395,86.905495
3396,75.07079
3397,502.87994
3398,122.09347
3399,251.02618
3400,19.388536
3401,569.0295
3402,208.923
3403,380.59674
3404,24.816303
3405,4.2451315
3406,177.80038
3407,152.79202
3408,200.29753
3409,9.178971
3410,373.12766
3411,551.2692
3412,87.16945
3413,573.1046
3414,16.850582
3415,176.20016
3416,649.84753
3417,57.345768
3418,258.944
3419,7.1334176
3420,11.784642
3421,52.656357
3422,524.61725
3423,114.1207
3424,617.102
3425,440.2351
3426,55.92872
3427,316.53842
3428,345.05734
3429,225.04845
3430,120.01186
3431,221.30063
3432,5.652908
3433,446.16647
3434,206.16785
3435,95.359566
3436,125.899826
3437,95.0878
3438,127.93546
3439,146.75864
3440,395.679
3441,253.42729
3442,373.56146
3443,105.410675
3444,18.252796
3445,38.823658
3446,170.73984
3447,-12.736707
3448,132.35019
3449,300.05905
3450,196.86566
3451,177.20702
3452,150.9749
3453,1.2343135
3454,298.6054
3455,111.83145
3456,317.7115
3457,180.50365
3458,-9.181047
3459,12.514584
3460,16.805237
3461,224.69391
3462,280.10532
3463,221.00687
3464,187.1081
3465,26.347084
3466,12.777372
3467,461.15512
3468,215.24992
3469,106.94492
3470,177.96277
3471,307.5455
3472,243.28091
3473,174.38834
3474,117.44181
3475,72.49165
